{"name":null,"assets":"aoy4:pathy34:assets%2Fdata%2Fdata-goes-here.txty4:sizezy4:typey4:TEXTy2:idR1y7:preloadtgoR0y36:assets%2Fdata%2Flevels%2Flevel1.jsonR2i3280R3R4R5R7R6tgoR0y36:assets%2Fdata%2Flevels%2Flevel2.jsonR2i3260R3R4R5R8R6tgoR0y36:assets%2Fdata%2Flevels%2Flevel3.jsonR2i3234R3R4R5R9R6tgoR0y36:assets%2Fdata%2Flevels%2Flevel4.jsonR2i3217R3R4R5R10R6tgoR0y36:assets%2Fdata%2Flevels%2Flevel5.jsonR2i3335R3R4R5R11R6tgoR0y34:assets%2Fdata%2Flevels%2Fmain.ogmoR2i7409R3R4R5R12R6tgoR0y24:assets%2Ffonts%2F5px.fntR2i11149R3R4R5R13R6tgoR0y26:assets%2Ffonts%2F5px_0.pngR2i976R3y5:IMAGER5R14R6tgoR0y24:assets%2Ffonts%2F8px.fntR2i11150R3R4R5R16R6tgoR0y26:assets%2Ffonts%2F8px_0.pngR2i1272R3R15R5R17R6tgoR0y29:assets%2Ffonts%2F8px_bold.fntR2i11163R3R4R5R18R6tgoR0y31:assets%2Ffonts%2F8px_bold_0.pngR2i1363R3R15R5R19R6tgoR0y25:assets%2Ffonts%2Fmini.fntR2i11147R3R4R5R20R6tgoR0y27:assets%2Ffonts%2Fmini_0.pngR2i1160R3R15R5R21R6tgoR0y28:assets%2Ffonts%2Fpreset.bmfcR2i884R3R4R5R22R6tgoR0y24:assets%2Ffonts%2Frev.fntR2i11146R3R4R5R23R6tgoR0y26:assets%2Ffonts%2Frev_0.pngR2i1117R3R15R5R24R6tgoR0y26:assets%2Fimages%2Farea.pngR2i163R3R15R5R25R6tgoR0y24:assets%2Fimages%2Fbg.pngR2i1027R3R15R5R26R6tgoR0y28:assets%2Fimages%2Fbouncy.pngR2i200R3R15R5R27R6tgoR0y26:assets%2Fimages%2Fdoor.pngR2i533R3R15R5R28R6tgoR0y36:assets%2Fimages%2Fimages-go-here.txtR2zR3R4R5R29R6tgoR0y26:assets%2Fimages%2Flogo.pngR2i1398R3R15R5R30R6tgoR0y28:assets%2Fimages%2Fmenubg.pngR2i923R3R15R5R31R6tgoR0y28:assets%2Fimages%2Fplayer.pngR2i660R3R15R5R32R6tgoR0y29:assets%2Fimages%2Fspecial.pngR2i380R3R15R5R33R6tgoR0y27:assets%2Fimages%2Fspike.pngR2i112R3R15R5R34R6tgoR0y27:assets%2Fimages%2Ftiles.pngR2i790R3R15R5R35R6tgoR0y32:assets%2Fimages%2Ftransition.pngR2i1588R3R15R5R36R6tgoR2i3726645R3y5:MUSICR5y26:assets%2Fmusic%2Floop1.mp3y9:pathGroupaR38y26:assets%2Fmusic%2Floop1.wavhR6tgoR2i21391152R3y5:SOUNDR5R40R39aR38R40hgoR2i1940804R3R37R5y26:assets%2Fmusic%2Floop2.mp3R39aR42y26:assets%2Fmusic%2Floop2.wavhR6tgoR2i11491528R3R41R5R43R39aR42R43hgoR0y36:assets%2Fmusic%2Fmusic-goes-here.txtR2zR3R4R5R44R6tgoR2i11430R3R37R5y26:assets%2Fsounds%2Fback.mp3R39aR45y26:assets%2Fsounds%2Fback.oggy26:assets%2Fsounds%2Fback.wavhR6tgoR2i12043R3R41R5R46R39aR45R46R47hgoR2i340496R3R41R5R47R39aR45R46R47hgoR2i15017R3R37R5y29:assets%2Fsounds%2Fconfirm.mp3R39aR48hR6tgoR0y36:assets%2Fsounds%2Fsounds-go-here.txtR2zR3R4R5R49R6tgoR2i5308R3R37R5y29:assets%2Fsounds%2Fstep-01.mp3R39aR50y29:assets%2Fsounds%2Fstep-01.ogghR6tgoR2i8650R3R41R5R51R39aR50R51hgoR2i4839R3R37R5y29:assets%2Fsounds%2Fstep-02.mp3R39aR52y29:assets%2Fsounds%2Fstep-02.ogghR6tgoR2i8214R3R41R5R53R39aR52R53hgoR2i4838R3R37R5y29:assets%2Fsounds%2Fstep-03.mp3R39aR54y29:assets%2Fsounds%2Fstep-03.ogghR6tgoR2i7899R3R41R5R55R39aR54R55hgoR2i2466R3R37R5y29:assets%2Fsounds%2Fstep-04.mp3R39aR56y29:assets%2Fsounds%2Fstep-04.ogghR6tgoR2i5883R3R41R5R57R39aR56R57hgoR2i3222R3R37R5y29:assets%2Fsounds%2Fstep-05.mp3R39aR58y29:assets%2Fsounds%2Fstep-05.ogghR6tgoR2i6792R3R41R5R59R39aR58R59hgoR2i2114R3R37R5y26:flixel%2Fsounds%2Fbeep.mp3R39aR60y26:flixel%2Fsounds%2Fbeep.ogghR6tgoR2i39706R3R37R5y28:flixel%2Fsounds%2Fflixel.mp3R39aR62y28:flixel%2Fsounds%2Fflixel.ogghR6tgoR2i5794R3R41R5R61R39aR60R61hgoR2i33629R3R41R5R63R39aR62R63hgoR2i15744R3y4:FONTy9:classNamey35:__ASSET__flixel_fonts_nokiafc22_ttfR5y30:flixel%2Ffonts%2Fnokiafc22.ttfR6tgoR2i29724R3R64R65y36:__ASSET__flixel_fonts_monsterrat_ttfR5y31:flixel%2Ffonts%2Fmonsterrat.ttfR6tgoR0y33:flixel%2Fimages%2Fui%2Fbutton.pngR2i519R3R15R5R70R6tgoR0y36:flixel%2Fimages%2Flogo%2Fdefault.pngR2i3280R3R15R5R71R6tgh","rootPath":null,"version":2,"libraryArgs":[],"libraryType":null}