{
  "ogmoVersion": "3.4.0",
  "width": 320,
  "height": 192,
  "offsetX": 0,
  "offsetY": 0,
  "values": {"name": "stack overflow"},
  "layers": [
    {
      "name": "tiles",
      "_eid": "73802436",
      "offsetX": 0,
      "offsetY": 0,
      "gridCellWidth": 16,
      "gridCellHeight": 16,
      "gridCellsX": 20,
      "gridCellsY": 12,
      "tileset": "tileset",
      "data2D": [
        [8, 8, 8, 8, 8, 8, 8, 8, 8, 8, 8, 8, 8, 8, 8, 8, 8, 8, 8, 8],
        [8, 1, 2, 2, 2, 2, 2, 2, 3, 8, 8, 1, 2, 2, 2, 2, 2, 2, 2, 3],
        [8, 7, -1, -1, -1, -1, -1, -1, 9, 8, 8, 7, -1, -1, -1, -1, -1, -1, -1, 9],
        [8, 7, -1, -1, -1, -1, -1, -1, 9, 8, 8, 7, -1, -1, -1, -1, -1, -1, -1, 9],
        [8, 7, -1, -1, -1, -1, -1, -1, 9, 8, 8, 7, -1, -1, -1, -1, -1, -1, -1, 9],
        [8, 7, -1, -1, -1, -1, -1, -1, 9, 8, 8, 7, -1, -1, -1, -1, -1, -1, -1, 9],
        [8, 7, -1, -1, -1, -1, -1, -1, 22, 2, 2, 23, -1, -1, 16, 14, 14, 14, 14, 15],
        [8, 7, -1, -1, -1, -1, -1, -1, -1, -1, -1, -1, -1, -1, 9, 8, 8, 8, 8, 8],
        [8, 7, -1, -1, -1, -1, -1, -1, -1, -1, -1, -1, -1, -1, 9, 8, 8, 8, 8, 8],
        [8, 7, -1, -1, -1, -1, -1, -1, -1, -1, -1, -1, -1, -1, 9, 8, 8, 8, 8, 8],
        [8, 13, 14, 14, 14, 14, 14, 14, 14, 14, 14, 14, 14, 14, 15, 8, 8, 8, 8, 8],
        [8, 8, 8, 8, 8, 8, 8, 8, 8, 8, 8, 8, 8, 8, 8, 8, 8, 8, 8, 8]
      ],
      "exportMode": 0,
      "arrayMode": 1
    },
    {
      "name": "special",
      "_eid": "16482199",
      "offsetX": 0,
      "offsetY": 0,
      "gridCellWidth": 16,
      "gridCellHeight": 16,
      "gridCellsX": 20,
      "gridCellsY": 12,
      "tileset": "special",
      "data2D": [
        [-1, -1, -1, -1, -1, -1, -1, -1, -1, -1, -1, -1, -1, -1, -1, -1, -1, -1, -1, -1],
        [-1, -1, -1, -1, -1, -1, -1, -1, -1, -1, -1, -1, -1, -1, -1, -1, -1, -1, -1, -1],
        [-1, -1, -1, -1, -1, -1, -1, -1, -1, -1, -1, -1, -1, -1, -1, -1, -1, -1, -1, -1],
        [-1, -1, -1, -1, -1, -1, -1, -1, -1, -1, -1, -1, -1, -1, -1, -1, -1, -1, -1, -1],
        [-1, -1, -1, -1, -1, -1, -1, -1, -1, -1, -1, -1, -1, -1, -1, -1, -1, -1, -1, -1],
        [-1, -1, -1, -1, -1, -1, -1, -1, -1, -1, -1, -1, -1, -1, -1, -1, -1, -1, -1, -1],
        [-1, -1, -1, -1, -1, -1, -1, -1, -1, -1, -1, -1, -1, -1, -1, -1, -1, -1, -1, -1],
        [-1, -1, -1, -1, -1, -1, -1, -1, 3, 3, 3, 3, -1, -1, -1, -1, -1, -1, -1, -1],
        [-1, -1, -1, -1, -1, -1, -1, -1, -1, -1, -1, -1, -1, -1, -1, -1, -1, -1, -1, -1],
        [-1, -1, -1, -1, -1, -1, -1, -1, -1, -1, -1, -1, -1, -1, -1, -1, -1, -1, -1, -1],
        [-1, -1, -1, -1, -1, -1, -1, -1, -1, -1, -1, -1, -1, -1, -1, -1, -1, -1, -1, -1],
        [-1, -1, -1, -1, -1, -1, -1, -1, -1, -1, -1, -1, -1, -1, -1, -1, -1, -1, -1, -1]
      ],
      "exportMode": 0,
      "arrayMode": 1
    },
    {
      "name": "entities",
      "_eid": "82608562",
      "offsetX": 0,
      "offsetY": 0,
      "gridCellWidth": 1,
      "gridCellHeight": 1,
      "gridCellsX": 320,
      "gridCellsY": 192,
      "entities": [
        {"name": "door", "id": 0, "_eid": "82597333", "x": 272, "y": 64, "originX": 0, "originY": 0},
        {"name": "player", "id": 1, "_eid": "73808573", "x": 42, "y": 138, "originX": 0, "originY": 0}
      ]
    }
  ]
}